SN_Lat,SN_Long,name
33.760316,101.242505,bye gshong ser sde/; 木西合新寺
35.398009,102.406985,ri ngar bkra shis dge 'phel dgon/
33.914861,103.991871,chu bar dgon/; 楚哇寺
34.812033,102.688046,阿木去乎寺; a mchog dgon/
34.9969651480857,103.050647661595,Dzodge Garnying Ganden Tashi Chopeling; mdzod dge sgar rnying /
33.410179,102.247078,mtshe'u ru ma'i ser sde/; 采日玛塞德寺
34.98454,102.7724,扎油寺; tsa yus dgon/; Tsayu Gon Ganden Chopeling
34.515406,103.704604,rna lung ri khrod/; 那朗静修院
34.120438,103.502296,桑周寺; kha pa'i bsam grub bon dgon/
37.729292,102.222344,hor dgon/; 毛藏寺
34.08223,103.476055,rang gong ma dgon/; 绕贡玛寺
33.755623,104.253641,帮当寺; spang gdong dgon/
33.977889,103.497914,kha pa klung dgon/; 卡巴路寺
34.473057,103.107239,chos dpal zhing dgon pa/; 车巴沟寺
37.191439,103.377979,祝贡寺; 'bri gung dgon/
33.988978,103.877818,tA ka dgon/; 达嘎寺
33.403146,101.951405,齐哈玛寺; chu kha ma'i dgon/
34.222947,103.029173,rta 'dogs dgon/; 当多寺
34.637238,102.222017,科才寺; kho tshe sgar/
33.824841,103.766568,'a zha yar spungs dgon/; 雅黄寺
35.093095,102.921597,卡加旧寺; kha gya'i sgar rnying /; Khagya Garnying Gon
34.013563,103.456371,nying sgam dgon/; 娘岗寺
33.98725,103.979665,ri dwangs gtsang nyid dgon/; 洛大藏尼寺
34.8356416135761,103.18690520744,白石崖寺; a 'khor dgon/
34.073557,101.709919,欧拉念涛寺; dngul rwa gnyan thog dgon/
34.040216,103.792153,赛塘寺; gser thang dgon/
35.031567,103.515979,khang thog dgon/; 康多寺
37.185613,102.79453,rig ldan dga' tshal dgon/; 柔旦尕擦寺
35.1926825420444,102.506356293484,bla brang sngags pa grwa tshang /; 崖玉新寺
37.466613,102.574616,rgya yag dgon/; 红沟下寺
34.610592,102.838987,sgyis tshang nags ri dgon/; 吉仓纳日寺
34.635427,102.898904,a la de'u mgo'i dgon/; 阿拉丁果寺
33.458231,104.427252,chu gdong dgon pa/; 坚地寺扎西曲登寺
37.10465,103.397593,达隆寺; zung zhan stag lung dgon/
34.134166,103.219659,bze kha dgon/; 日盖寺
34.791899,103.151908,mkhar mo che dgon pa/; 康木车寺
34.5703170055923,102.562231173869,shis tshang sgar gsar/; 西仓新寺
33.600539,104.328352,mda' hwa dgon/; 达哈寺
34.101692,103.465569,tsha kho dgon/; 查古寺
35.271667,102.801954,gnam lha'i sgar sar/
36.977282,103.135487,华藏寺; pra sti rab rgyas dgon pa/
33.716121,104.149695,yag hwa dgon/; 亚哈寺
34.9409827286901,102.855659020403,合作寺; gtsos dgon pa/; Tso Gon Genden Choling
33.583068,104.350886,phud sdod bkra shis lhun po/; 占西隆布寺
35.380058,102.585854,rgan rgya rtse zhig dgon/; 甘加佐海寺; Tsezhik
33.603847,104.517226,ong gsum dgon/; 巴楞寺
33.806315,103.882019,rdo ri ra rtsa dgon/; 多尔然子寺
33.646932,104.404404,bu bde dgon pa/; 高地寺
33.803287,103.693631,纳高寺; nags gong bon po'i dgon/
34.835635,103.186918,a 'khor brag dkar ri khrod/; 安科尔白石崖静修院
34.902671,102.920452,朵什寺; dor zhi dgon pa/
34.195934,103.130691,mtsho nge'u dgon/; 措艾寺
34.6623466932867,103.116590560261,klu chung stag tshang dgon/
33.76781,101.687393,阿万仓宁玛寺; wa ban tshang rnying ma dgon/
34.842749,103.458233,恰盖寺; khya dge dgon/; Kyage Gon Leksheling
34.662286,103.116586,松巴静修院; sum pa ri khrod/
33.6846666666667,102.103,mtshan sgrogs dgon/; 参智合寺; TsanDrok Gon Ganden Tashi Chopeling
33.851652,101.132839,木西合寺; rmur bye dgon/
34.046865,103.245475,萨让寺; bya brang dgon/
34.131102,103.245848,te'i sgang dgon/; 迪岗寺
34.751956,103.956635,spos lung zhwa nag dgon/; ？
36.97694,103.008976,石门寺; yar lung thur chen dgon/; Yarlung Turchen
36.9454704962792,102.509831720418,天堂寺; Chortentang Monastery; mchod rten thang dgon/
35.0315453943738,103.515985503208,康多上寺; khang thog stod ma dgon/
33.59461,104.501921,jo to ri khrod/; 交多静修院
34.949899,103.128911,佐盖日多玛寺; mdzod dge ru stod ma dgon/
34.708713,103.00976,吉利寺; kyi ling dgon/
34.515423,103.704522,rna lung su ru'i ri khrod/; 苏如静修院
34.027188,103.329018,谢协寺; gser gzhong dgon/
34.602113,103.264108,江河寺; rgya mkhar dgon/
33.954938,103.604152,旺藏寺; bang tshang dgon/
34.772142,103.81803,石门寺; rdo dbus byams pa gling /
37.2698248850894,103.175266890072,zhwa dmar dgon/; 夏玛寺
34.094834,103.576179,rtsa ri bon dgon/; 扎日寺
34.518301,102.614689,bla ri mgul sgar rnying /; 拉仁关寺
35.020985,103.02638,岗察寺; rkang tsha dgon/
33.888931,103.425578,mgo rje dgon/; 苟吉寺
36.838974,102.805756,ser rtsud dgon/; 古城寺
35.211521,102.842032,gter lung dgon/; 沙沟寺
35.1934951409341,102.506436172784,拉卜楞寺; Labrang Tashikyil; bla brang dgon pa/
34.022189,102.062002,rtse dbus ri khrod/; 泽卫静修院
34.982888,103.574184,勺哇寺; sho ba dgon/
33.416438,101.985681,nur ma'i dgon/; 纽尔玛寺
34.025849,102.065165,外相寺; mdzod dge nyin ma'i be shing dgon/
34.525446,102.790455,zam tsha'i bang tshang dgon/; 双岔旺藏寺
34.735289,103.070007,加茂贡寺; rgyal mo'i dgon/
36.617375,102.82989,嘎达寺; brag dgon/; Drak Gon
34.638514,103.263318,chos pa kong bu nang dgon/; 吉瓦工屋囊寺？
34.671579,103.176702,rtse dbus ri khrod/; 泽卫静修院
34.505390909974,103.12562190661,bde thang dgon/; 德唐寺
34.595532,103.504218,卓尼寺; co ne dgon chen/
34.5253321252896,103.318420375349,drin dran dgon/; 感恩寺; Drindran
35.146528,103.02787,kha stod sgar sar/; 上喀嘉新寺
34.135041,103.921092,la rtsa'i sgam po bon dgon/; 高宝寺
33.641928,102.068107,夏秀寺; zhal shul dgon/
34.693275245867,103.229781001433,gdong gzigs dgon/; Dongzik; 当吉寺
34.028365,103.831224,'bras dog lung dgon pa/; 哲豆隆寺
34.525701,102.789658,蒙茹寺; rmog ru dgon/
34.241022,103.190285,lha gsol dgon/; 拉桑寺
33.760724,103.928629,pe kong dgon/; 白古寺
34.049579,103.254176,la lung dgon/; 拉鲁寺
36.628454,102.754766,西大寺; se ra lung dgon/
28.4949254304351,99.8200584945932,亚不亚寺
28.165005,98.914352,禹功寺
28.2653057705657,99.2320094428557,sbom rag dga' ldan don grub gling /; 噶丹东竹林寺
33.129413,98.126987,格嘎寺; dge 'gab dgon/
33.672973,103.343576,chos rje dgon/; 求吉寺
32.9143843115765,101.692404596978,格尔登寺; kirti dgon/
32.177433,102.162612,lha tshe dgon/; 黑尔吉寺
32.945177,101.602548,d+hI phu dgon/; 德格寺
32.363576,98.969339,chu ngogs dgon/; 曲欧寺
33.214662,97.906525,rdza rgyal dgon/; 扎加寺
33.3889539192598,97.8115531711651,嘎依寺; ka bzhi dgon/
32.181401,101.633766,yum 'dus dgon/; 颜木底寺
30.981188,99.643927,khrom dge dgon/; 昌根寺
33.02086,98.154143,'bum rnying dgon/; 蒙宜寺
33.019693218235,98.1529274890726,蒙沙寺; 'bum gsar dgon/
32.871125,98.675782,温波寺; dbon po dgon/
32.900094,103.679217,bya dur dga' mal dgon/; 尕米寺
31.87275,101.341638,帐房寺; 'dzam thang sku 'bum dgon/
33.429772,103.363683,mda' chen dgon/; 达金寺
32.862343,99.439466,'bum lung dgon/; 孟龙寺
32.265573,100.348757,朗加曲登; gser mchod rten dgon/
32.9748147606358,98.0835548886776,巨木寺; 'ju mang dgon/
31.805327,101.56177,卡拉寺
31.746065,101.713863,khyung dgon/; 琼俄寺
31.630663,101.428189,mthun lung dgon/; 达尔基寺; Thunlung monastery
32.794281,100.067229,大章寺; brda tshang dgon/
32.944208,98.238262,蒙格寺; mang dge dgon/
31.303373,102.01819,雍忠拉顶寺; g.yung drung lha lding dgon/
32.195676,103.194066,bo'i 'ur dgon/; 维尔寺
32.520509,101.057995,spang thog dgon/; 棒托寺
31.692995,103.121762,bsam gtan dgon/; 桑丹寺
32.342795,100.656629,ri nang gnas chen dgon/; 日朗寺
31.803319,101.640609,thugs rje chen po'i dgon/; 观音寺
31.86181,101.703927,'od zer dgon/; 恩泽寺
33.505625,97.697926,巴若寺; ba rod dgon/
32.016547,100.106144,rags bkram dgon/; 然充寺
32.443311,100.213308,'brong ri dgon/; 竹日寺
32.7365785792274,102.047359176049,dgon sar dgon/; 根沙寺
30.968264,102.638651,ta we dgon/; 达维寺
33.726994,103.229072,gro tshang dgon/; 卓藏寺
31.911047,102.19827,bo la dgon/; 莫拉寺
32.940056,101.778195,gnam lcags dgon/; 郎木加寺
31.571645,101.884153,mtsho steng dgon/; 昌都寺
32.8146827330813,101.852216010268,gdong ri dgon/; 冻日寺
32.7543996487458,101.918755312945,gzhu shubs dgon/; 依修寺
33.693617,103.41363,苟象寺; rgur skyang dgon/
32.054498,103.158013,麻窝寺; ko sba dgon/
31.634348,99.983297,dkar mdzes dgon/; 甘孜寺
31.478625,99.175214,rdzong shod dgon/; 仲学寺
32.634215,99.724643,phu'u dgon/; 普吾寺
32.259115,101.89745,snar 'dus dgon/; 斯拉尔底寺
32.830103743512,102.50916847893,ma gsar bon dgon/; 玛色寺
31.753971,101.419997,bde chen dgon/; 斯跃武寺
32.387969,103.472734,gser len dgon/; 较场寺
33.601822,103.735498,香扎寺; spyang tsha dgon/
32.0095924387171,102.017171030476,若布洛寺; gzigs spro dgon/
34.240436,102.893668,sum mdo dgon/; 森都寺
31.312956,98.940754,噶陀寺; Katok Dorjeden; kaHthog dgon/
32.256426,101.556599,dza 'go dgon/; 咱寺
33.688864,103.196962,结巴寺; rgyud pa dgon/
34.084956,102.627824,纳摩格尔登; stag tshang lha mo kir+ti dgon/
32.978153,102.639835,mag gsar dgon/; 持明熟解岭
32.90466,101.72959,snang zhig dgon/; 郎依寺; Nangshik Monastery
31.917719,98.811605,maN+Dal dgon/; 门查寺
32.115697,102.775667,sa stod dgon/; 沙石多寺
31.895634,102.507803,干木足寺; kam kyo dgon/
32.062933,102.965303,bde chen gling dgon/; 德青郎寺
32.8909282058949,99.9073876372775,khang dmar na mdo dgon/; 康玛朗多寺
33.033917,101.637358,连则寺; gnyan rtse dgon/
31.8899791178361,101.669760292611,ban de lung dgon/; 板灯寺
34.21724,102.925336,lung bzang ri khrod/; 龙让寺
31.935739,100.695053,'phrul steng dgon/; 迟当寺
31.872029,102.296644,tsha kho dgon/; 查古寺
32.254246131457,101.586393811041,pin cin dgon/; 本真寺
31.915002,102.104739,o bun dgon/; 俄文寺
32.73275475,101.6530176,叶欧寺; khog po yas ngo dgon/
31.877287,102.456847,g.yung drung dgon/; 阳日岗寺
31.8736645373773,100.685479000434,dkyil sngon dgon/; 金俄寺
29.361277,100.449936,格母寺; ge mang dgon/
33.561792,103.672556,stag lo dgon/; 大录寺
32.9137083722011,101.777214624204,曲尔登甲寺; dge ldan bstan 'phel gling /
33.469211,103.663681,gdong dpe dgon/; 东北寺
31.77741,101.309226,rlan dbu dgon/; 兰窝寺
32.129825,103.143551,klu sgam bkra shis dgon/; (在 宗教史要 中 - 只有沙石多寺位于沙石多乡. 此寺见本表131.
32.262913,100.163498,几龙寺; dkyil lung dgon/
32.75037,102.05579,dkar chen dgon/; 嘎尔清寺
28.957522,101.500729,hwa chi'u si/; 华坵寺
32.381321,101.128679,'dzi srib bkra shis chos sde/; 日索寺
33.2134687259697,97.9559833227956,龚马寺; lcang ma dgon/
33.592936,103.353712,桑周寺; bab bzo dgon/
32.24725,100.270223,yar lung dgon/; 亚龙寺
31.915048,102.104718,mdo g.yas dgon/; ？
32.059272,98.395296,mkhar mdo dgon/; 康多寺
33.57971,103.661394,sa yul dgon/; 沙勿寺
32.9369154922417,101.728385647567,rtogs ldan dgon/; 卓登寺
31.483772,99.30907,kha rag dgon/; 卡热寺
31.44351,99.354187,gtsug 'od dgon/; 祖元寺
32.763992,103.64738,rin spungs dgon/; 林坡寺
32.37611,101.965019,tsha lung dgon/; 查龙寺
32.0736308637367,100.472111435225,gnubs zur dgon/; 洛若寺
31.992728,100.738708,dbu tshab dgon/; 吾查寺
34.179983,102.794963,dran pa dgon/; 占巴寺
31.666924,102.064686,chu 'khor gling /; 水经轮寺
32.608528,103.365897,mkhar yag dgon/; 卡牙寺
31.920734470755,100.692950985096,bag steng dgon/; 瓦东寺
33.042096,101.569549,rtsi nang dgon pa/; 孜朗寺
32.215563,101.967441,kam myos dgon/; 干木鸟寺
31.748173,102.060677,？; gho lam dgon/
34.161765,102.804957,rgal dge dgon/; 甲格寺
32.678108042351,103.640907997877,shar dung ri dgon/; 董日寺
31.790499,101.258978,?; ut+pal dgon/
32.617596,101.526408,？; yar 'go dgon/
31.590829,99.02939,ri spun dgon/; 日班寺
32.6689846654017,98.3880794206917,gling yag dgon/; 龙岭寺
31.841511,101.92539,塔木寺; thabs dgon/
32.348794,101.176825,tshes bcu dgon/; 泽布基寺
32.465161,102.224425,江宫寺; skya mgo'i dgon/
31.868265,102.290659,西索寺; sa'i so dgon/
32.8874347816873,101.776596846303,rag tsha dgon/; 日格扎寺
31.805637,101.061642,ri we thang dgon/; 日阿塘寺
31.6090662889499,99.9671261373723,夺拖寺; gdong thog dgon/
31.941007,102.086503,go yul dgon/; ？
33.85127,102.625351,mdzod dge gling ba dgon/; 日翁寺
32.009064,102.018051,？; sbas gter dgon/
32.288344,102.420617,stag rtse dgon/; 达孜寺
29.1842329724437,101.478501116971,吉日寺; brgyad zil dgon/
31.940988,102.086521,rnam rgyal steng dgon/; 兰加斯顶
32.073795,100.47204,bla brang gling /; 拉入寺
31.140594,102.540542,bye smad dgon/; 结斯寺
32.575177,103.526039,brag rwa dgon/; 后寺
32.858724,101.996468,朗措玛寺; gnam mtsho ma'i dgon/
32.8103247352382,102.571745503149,ra skor dgon/; 热滚寺
32.325715,98.41842,ja chu dgon/; 甲曲寺
32.312682,101.266034,sgom pa la kha dgon/; 拱巴拉卡寺
32.364175,98.970249,khro tshang dgon/; 措通寺
31.209012,98.847236,打科寺; mda' kho dgon/
31.603847,101.696379,ja khe dgon/; 甲克寺
32.345121,101.181207,gtsang ba dgon/; 藏哇寺
31.829108,101.879614,邓加寺; tin cab dgon/
33.475955,102.473923,索藏格寺; sog tshang dgon/
32.217792,100.369846,rgya phyug dgon/; 甲修寺
32.6149303835319,101.523095246145,mkhar sar dgon/; ？
31.642174,101.445771,bla me dgon/; 喇嘛寺
32.414327,99.01223,ge sar lha khang /; 格萨尔经堂
33.141122,97.924725,ser shul dgon/; 色须寺
32.2194513207204,101.828283251024,草登寺; tsho bdun dgon/
31.2163376872858,98.8220618370465,白玉寺; dpal yul dgon/; Palyul Gonpa Namgyal Jangchubling
31.999879,100.681315,bstan rgyas dgon/; 单几寺
32.238366,101.568966,'bar khams se ra dgon/; 沙拉寺
32.278014,100.947022,rtag brtan dgon/; 贡尔玛寺
31.581153,98.797407,多扎寺; rdo brag dgon/
32.810438,103.63684,郎依寺; sna steng dgon/
32.216369,102.169709,lhar yag dgon pa/; 黑尔雅寺
33.2537410904963,97.9978894033355,格贡寺; dge gong dgon pa/
31.315996,100.247977,呷普寺; 'dan ka phud dgon/
31.836818,101.908702,约木德寺; yong 'dus dgon/
31.829129,101.879603,lcags mo dgon/; 甲莫寺
31.796845,101.082026,kun mtshar dgon/; 更扎寺
31.9542465807426,101.072054677397,we dgon/; 热寺
33.583204,103.236271,dpal skyid spre tshang dgon/; 卓仓寺
32.398929,101.108183,chos thang dgon/; 曲塘寺
32.209203,101.998874,mu nge dgon/; 蒙岩寺
32.38677,103.518896,sa 'brug dgon/; 龙头寺
31.5041188593031,99.2445232072067,佐妥寺; rab mtho dgon/
32.786375,100.108814,rlung shar dgon/; 龙写寺
33.007582,102.963775,rong tha dgon/; 荣塔寺
32.369706,99.955419,mkhan len dgon/; 康勒寺
31.904904,102.175288,sgo yag dgon/; 俄尔雅寺
32.017808,100.516272,hor shul dgon/; 霍西寺
34.094124,102.632632,郎木寺; stag tshang lha mo dgon/; Ganden Shedrub Pekar Drolwailing
31.441978,99.360456,达依寺; zla 'od dgon/
32.400313,99.016339,pad snying dgon/; 白尼寺
31.449075,103.167338,stag btegs dgon/; 宝殿寺
32.0518665717564,103.244206901602,ra wo dgon/; 西维寺
31.89024,102.252574,'od 'dus dgon/; 阿底寺
33.257795,103.930168,rab dben dgon/; 扎如寺
33.726338,102.44918,byams me dgon/; 哲蚌寺
32.332193,103.271628,ri ddhi dgon/; 在 宗教史要 中无与此寺相应名字的位于知木林乡的寺庙
31.9068829510778,101.114491217916,'dzam thang dgon gsar dgon/; 公生寺
32.51703,100.700536,gsang sngags shugs 'byung gling /; Shukjung Monastery; 西琼寺
31.8058484441867,98.5829292094389,sde dge dgon chen/; Derge Gonchen; 更庆寺
30.807245206064,98.9803177877907,康翁寺; khams dbus dgon/
31.396721,101.744272,阿科里寺; mdo chen dgon/
33.730397,103.352431,甲姆擦寺; rgya mo tshal dgon/
31.904285,102.222167,查北寺; tshe dpal dgon/
32.15141,101.701523,？; bo ka 'brug dgon/
31.904155,102.222832,'bar khams dgon/; 马尔康寺
32.900551,101.72132,色嘎寺; bswe dgon pa/
32.0708494727596,100.978165916555,bar gdong dgon/; 瓦东寺
32.251983,101.643521,pA la dgon pa/; 巴郎寺
32.279954,103.262023,gnyan tso dgon/; (在 宗教史要 中位于黑水县的笨教寺院只有希维寺和维尔寺 - 后者建在知木林乡. )
31.909261,102.159478,参木拉寺; tshang gnas dgon/
31.643591,98.962958,rdzong sar dgon/; Dzongsar Monastery; 宗萨寺
33.147566,98.115769,Gemang Monastery; dge mang dgon/; 格蒙寺
31.866001,102.493009,干木足寺; ka mchog dgon/
31.914527,102.100969,？; phug stod dgon/
32.0149661651861,103.22945961164,spyi bha dgon/; 西巴寺
31.77241,100.998092,sa 'go dgon/; 桑古寺
32.637067,103.098742,dmu dge dgon/; 毛尔盖寺
31.516947,101.634454,seng seng dgon/; 仓仓寺
31.787101,101.112092,yid dwangs dgon/; 依东寺
31.6412798659774,100.005790872968,khang dmar dgon/; 空玛寺
32.729874,101.957714,brag dkar dgon/; 扎嘎寺
32.4239,101.191476,sa dmar dgon/; 红土寺
28.166404,100.847137,木里大寺; mu li dgon chen
32.719736,102.004308,mdo ba dgon/; 夺哇寺
32.918219,102.693848,rme ba dgon/; 麦洼寺
31.6335,102.81926,kaH thog bsam gtan dgon/; 禅单寺
32.7354511928177,101.901139621158,cog log dgon/; 足洛寺
32.137748,102.226184,大藏寺; da tshang dgon pa/
33.0086961328346,101.626413785659,sngo shul dgon/; 俄休寺
32.088854,100.981127,sras mkhar dgon/; 曾克寺
32.1892179174495,100.212765830548,达隆寺; gser rta stag lung dgon/
31.882829,100.82815,gser rta lha rtse dgon/; 喇则寺
31.935122,98.446432,拉仲寺; lha 'brang dgon/
32.412629,101.088765,bya yur dgon/; 夏炎寺
32.219778,101.938116,rgyus dgon/; ？
32.029708,98.68332,嘎伦寺; sga len dgon/
33.067482,98.331708,宜牛寺; 'ju nyung dgon/
32.8128700302239,101.883486104006,gdong li dgon/; 冻勒寺
31.85941,101.843388,spun dgu dgon/; 温古寺
32.5785462675509,98.8930491527268,mgo tshwa dgon/; 俄查寺
32.576018,100.414718,snyan lung dgon/; 年龙寺
33.310364,103.810066,dar rgyas dgon/; 大金寺
32.230006,100.136702,gser thar stag rtse dgon/; 大则寺
33.694574,103.178973,尼益寺; gnas gzhi dgon/
31.650981,98.796436,dpal spungs dgon pa/; 八帮寺
32.525582,103.600052,ser bo dgon/; 肖包寺
32.289196,100.943587,上扎西曲林寺; bkra shis chos gling gong ma/
32.99255,101.68617,bsu ba dgon/; 四洼寺
33.0196945321837,102.246079738102,nag tshang ma dgon/; 拿昌玛寺
34.131657,103.049997,tshong ru bar ma'i dgon/; 巴玛寺
31.772454,101.508963,gzi ro gzhu shubs dgon/; 惹如寺
31.707589,98.573181,交哑寺; lcags ra dgon/
31.388246,101.461956,rdze tha gnam mtsho dgon/; 热它寺
32.0526571476709,101.993715738529,skyogs 'bo dgon/; 斯江波寺
31.211088,103.397856,gser rlabs dgon/; 金波寺
32.252743,102.033189,bka' khyab dgon/; 尕渣寺
31.812886,99.410813,tsho phu ri khrod/; 错阿日车寺
32.151424,101.701455,康山寺; bzhag shod khang gsar dgon/
31.933806,98.57981,drwa ma dgon/; 扎马寺
34.017882,103.005146,te bo brag nyi shar dgon/; 尼显寺
32.418903,101.634282,茸贡寺; ri dgon/
31.061968,102.221465,zhi lo dgon/; 日落寺
31.781511,101.632165,斯苟根寺; bzod sgom dgon/
34.100457,102.742316,康萨寺; khang gsar nyin pa dgon/
32.579393,98.375949,nor gling dgon/; 罗朗寺
31.974682,102.062794,dgon gsar dgon/; 根沙寺
34.053509,103.077398,blo dge dgon/; 罗尔格寺
30.615599,99.205234,扎马寺; brag dmar dgon pa/
31.232597,102.452292,木坡寺; mi pham dgon/
32.1364107792135,99.36200897865,rdza 'bum smad dgon/; 牟买寺
32.571394,100.928309,a sug dgon pa/; 阿诗玛寺
34.118089,103.088247,cha rong dgon/; 卡茸寺
31.01781,102.212295,mar le dgon/; 马尔寺
34.051611,103.079604,gza' ru smad ma dgon/; 热尔寺
32.566886,103.632849,mnyam 'dzom dgon/; 烟冲寺
32.570069,101.534634,sa bar dgon/; 沙湾寺
31.049318,102.163335,ma ngan dgon/; 马安寺
32.996618,101.569957,a 'dus dgon 'gab ma/; 下安斗寺
32.6524595707676,97.4996501933311,byams 'byor dgon/; 向秋寺
33.004188,101.607045,sgo mang dgon/; 各莫寺
33.7645114819045,103.0164774199,色拉寺; mdzod dge se ra dgon/
33.065362,102.20502,贾洛寺; gca' ro'i dgon/
31.513189,99.144896,khang dmar dgon/; 孔马寺
32.6340196175428,101.807916677105,thar mo dgon pa/; 塔尔么寺
34.131566,103.012519,mdzod ru dgon/; 若日寺
31.98691,100.964288,俄拉寺; gor ra dgon/
33.458608,101.835727,chos rje ma'i dgon/; 求吉玛寺
31.318314,100.232075,a bse dgon/; 阿色寺
32.0637011267161,102.965898298729,mtho sa gong 'phel dgon/; 托撒公配寺
33.587393,103.226445,pad yul dgon/; 班佑寺
32.59195,98.38736,觉悟寺; ser shul jo bo dgon/
32.005537,99.485918,色措寺; zer 'phro dgon/
31.847377,98.457657,汪堆寺; dbon ston dgon/
32.108589,102.545581,khang dmar dgon/; 康猫寺
32.162384,99.324641,nyaH 'ge dgon/; 年古寺
32.814443,101.852212,'brog dge dgon/; 卓格寺
32.00818,102.017273,sngon btabs bsam gtan gling /; 河市达寺
32.740193,101.768727,a sug ma'i dgon/; 阿色玛寺
31.887592,102.106328,pha bla dgon/; 帕拉寺
32.996626,101.569923,a 'dus dgon/; 上安斗寺
33.597441,103.243202,jo sgar bsam gtan bde chen gling /; 吉格寺
32.8586651362253,101.807453096475,sa sgang dgon/; 沙尔岗寺
33.032084,102.255402,ra ro dgon/; 日阿洛寺
30.687907,99.099737,觉母寺; jo mo dgon/
32.870916,97.390727,麻达寺; 'bar d+ha dgon/
31.98573,102.028302,不亚尔寺; byar dgon/
31.890233,102.252545,dgon gsar dgon/; 根沙尔寺
32.6984041015775,101.874054924575,塔尔么寺; a dpa' dgon pa/
32.295219,102.022512,ka ca dgon/; 尕足寺
32.9329782965212,101.670285565044,kha shul dgon/; 卡西寺
32.768457,98.4296,thar shul dgon/; 它须寺
31.6800455200574,99.7162764933437,ban rgan dgon/; 白格寺
32.844747,98.572943,khra skya dgon/; 查加寺
33.68366,103.221644,skyang tshang dgon pa/; 相藏寺
32.913,101.64474,spro tshigs dgon/; 河支寺
31.986852,99.512357,dgon gsar dgon/; 更沙寺
32.737907,102.047058,a mchog mtshan nyid dgon/; 查里寺
32.0827758507568,v,mdzar te dgon/; 扎尔都寺
32.725068719722,98.3869952564439,phyag tsha dgon/; 虾扎寺
31.498556,99.335526,stag mo dgon/; 达莫寺
33.584314,102.966439,stag tsha dgon/; 达扎寺
31.583267,99.135439,lcang lung dgon/; 龚拢寺
32.0635668558618,102.965890075023,？; bde chen thos bsam mgon po gling /
32.1226846393687,98.8595130173886,rdzogs chen dgon/; Dzogchen Monastery; 竹庆寺
31.840425,101.787276,mnyam mkhas dgon/; 年克寺
32.9354357095102,98.1979322878225,俄若寺; o rod dgon/
32.471479,103.111666,gla ro dgon/; 纳洛寺
32.302925,100.274907,东嘎寺; gser rta dung dkar dgon/
31.836995,101.908684,？; bya rong dgon/
31.839583,101.942766,bum khur dgon/; 蒙古寺
31.836474,102.533502,shis bkra dgon/; 斯扎寺
32.106406,103.098511,dbo sgri dgon/; ？
"31.93606

",91.773724,卓古寺
32.270137,92.194053,白日寺
29.656111,91.106389,kun bde gling /; 功德林寺; Kunde Ling
29.2287,91.790116,sne gdong rtse tshogs pa/; 孜措巴寺
29.479555,88.552585,Renga Chode; 仁嘎曲德寺; rin dga' chos sde/
29.425274,94.500953,羌纳寺
28.968258,90.393478,chos sde dgon/; 温嘎曲德寺; Chode
29.216754,91.701348,西扎寺; shel brag
29.669971,91.005769,dga' gdong dgon/; 嘎东寺
29.198184,91.303585,结林措巴寺; rgyal gling tshogs pa/
28.043033,86.320387,曲瓦寺; chu dbar dgon/
30.593894,91.226547,khang dmar dgon/; 康玛寺; Kangmar Monastery
28.852029,85.296366,rdzong dkar chos sde/; 宗嘎曲德
30.982094,80.943482,顿久寺; rdo chu dgon/
29.848034,91.745641,噶才寺; dbu ru ka tshal lha khang /
,,Sang-ngak Jangchubling; byang chub gling dgon/; 降曲林寺
29.656389,91.128889,希德寺; bzhi sde dgon/
30.5984079398502,89.8296165240882,东多寺
31.2084589270546,89.7765981910504,萨姆寺
"31.336805

",89.552938,古穷寺
31.811066411011,94.4952044629754,khrom tshang dgon/; 冲昌寺
30.3491195952292,97.2336411715527,帮达寺
30.3411878593881,96.5686790441131,'o chung dgon/; 俄琼寺
30.2476864769696,97.2726167431526,吉中寺
"30.247615

",97.272786,新贡寺
"30.561752

",96.623908,卡灯寺
30.7382112839323,96.854839968715,果口寺
30.7922592545555,95.0090117718757,dpal 'bar dgon/; 边坝寺
31.483072,93.684331,朱德寺
31.5124776291031,93.1483371548117,国龙尼寺
31.1838411364469,94.1291147663416,白嘎寺
31.511099,93.501745,热庆寺
31.5119199288328,93.5368861175167,贡沙寺
31.520602,93.827617,却德寺
31.5113411388067,93.5017394925584,秀东寺
31.5240297755453,93.2555775424889,德木寺
31.2062913375843,94.1948387381514,强那寺
31.1880643801554,94.0859730916286,强达尼寺
"31.80041

",92.862865,瓦塘寺
1.762849,93.609571,色扎寺
31.2072519079466,93.9643015355719,比如寺; 'bri ru dgon/
29.1055206335605,91.3075820846806,gsang sngags chos 'khor gling /; 桑阿曲廓林寺
29.359787,89.647582,g.yung drung gling dgon/; 雍仲林寺
29.1233458560602,91.2763948145129,yar rje o rgyan gling /; 乌坚林寺
28.974533,91.54788,spyan g.yas dgon pa/; 建叶寺
29.023681,89.456332,重孜寺; 'brong rtse dgon/
29.376772,87.317663,曲鲁贡萨寺; chos lung dgon gsar/
29.1047668121475,89.2605266579109,章白坚寺; grangs ped can/
29.277181,91.110977,pha dam pa sangs rgyas kyi dgon pa/; 帕丹巴桑杰寺
29.689444,91.081667,dgon pa gsar ri khrod/; ？
29.3277597154442,91.107309524832,rdo rje brag; 多吉扎寺; Dorje Drak Ewam Chogar
29.3267474140997,91.5024993743317,Samye Gonpa; 桑耶寺; bsam yas dgon pa/
31.3445,96.93903,rdo phu dgon/; 多普寺
31.239613,97.579697,gru gu dgon/; 珠古寺
32.079521,97.271408,色然寺
31.723794,96.993604,拉丁寺
32.067896,97.387118,岭达寺
31.435091,97.543879,khams pa sgar/; 康巴寺
31.410352,96.861668,沙贡寺
31.14367,97.177082,昌都寺; Chamdo Jampaling; chab mdo dgon pa/
31.0552142451041,97.2054027753047,约达寺; g.yo mda' dgon/
31.83053,96.913713,嘎玛仁青林寺; karma rin chen gling /
31.512553,96.809443,rmo mda' dgon/; 芒达寺
31.577735,97.438571,Galai si; dkar leb dgon/
31.457211,97.17232,向达桑珠林寺
"29.21737        91.704811        Verified based on the book ""ལྷོ་ཁའི་གནས་ཡིག་""ཁྲ་འབྲུག་ནས་བྱང་ཤར་ངོས་སྤྱི་ལེ་གཉིས་ཙམ་སོང་ན་དབུས་གསར་རམ་ཡུལ་གསར་ཞེས་པའི་རྒྱབ་རིར་དགོན་དེ་མཇལ་རྒྱུ་ཡོད།",91.704811,ri bo chos gling /; 日乌曲林
29.1283395620514,91.032412606513,bum dang /; 奔唐寺
29.65071,91.130942,卓德康萨; spro bde khang gsar/
28.090077,89.266812,云桥寺; sprin zam dgon/
30.246345,81.181396,zhi sde lha sde dgon/; 协德拉德寺
29.1221890643221,92.8092185144382,dwags lha sgam po/; 达拉岗布寺
29.42333,86.729013,拉扎寺; zang zang lha brag dgon/
29.797961,91.896654,'chad kha dgon/; 怯喀寺
28.646304,87.837945,Peser; pe ser/
30.698237,81.608989,色瓦龙寺; se ba lung dgon/
29.6317953553991,96.2763929017072,ri lnga dgon/; 日昂寺
29.2765687586958,91.106811062268,bdun phud chos 'khor/; 顿配曲果寺
29.159777,87.68739,拉孜寺; Ganden Woseling; lha rtse dga' ldan chos gling /
31.975833,79.286111,域寺; yul dgon pa/
29.444733,89.499618,mkhar sna dgon/; 喀纳寺
28.4437675868555,97.0841278177065,江色寺
29.64543053,90.9344453,gzhong pa lha chu dgon/; 雄巴拉曲寺
28.171537,91.333575,卓瓦龙; spro ba dgon/
28.948308,92.175559,洛曲德寺; klog chos sde dgon/
28.37952,90.709033,拉隆寺; lha lung dgon/
29.025524,97.953214,通庆寺
31.85,79.55,lhag pa dgon/; 拉巴寺
33.417193,79.642668,ru thog dgon/; 日多寺; Rutok Gon
29.535207,94.478407,达则寺; stag rtse g.yung drung gling /
29.67623,91.04701,'bras spungs dgon/; 哲蚌寺; Drepung Monastery
28.228125,89.416241,拉其寺; la phyi dgon pa/
27.517993,88.963959,东嘎寺; gro mo dung dkar dgon pa/
30.195578,81.26776,'khor chags dgon/; 科加寺
28.459141,89.614942,g.ye dmar dgon/; 艾旺寺
29.01281,87.649971,dar rgyas gling /; 塔杰林寺
29.15852,91.260321,snye mdo dgon/; Nyedo Monastery; 宁多寺
29.2518554215703,91.4010922020626,tshong 'dus grwa tshang /; 丛堆寺
29.927286,91.107034,gzim khun dgon/; 森库寺
29.894371,93.241552,bkra shis chos gling /; 扎西曲林寺
33.417222,79.6425,伦珠曲丁寺; lhun grub chos sdings dgon/; Rutok Tashi Choling
29.748197,91.686263,theg chen bshad sgrub gling /; 梯青协珠林
"29.1551

",86.609761,kha lung rdzong dgon/; 卡隆宗寺
32.215833,83.990556,brag gyam dgon/; 扎江寺
29.4464560722691,92.712298072213,chos 'khor rgyal/; 曲科杰寺
29.415156,90.18776,rgyal byed dgon/; 杰吉寺
29.033516,87.664932,木古隆寺; mu gu lung dgon/; Mugulung Gon
31.6,79.15,ri ba bkra shis chos gling /; 日娃扎西曲林寺
28.2281249702706,89.4162386341354,dgon pa byang /; 贡巴强寺
28.96307,92.127243,Yedri; ye sgri dgon pa/; 叶止寺
28.9630361153697,89.1878650131804,达坚寺; ri bo mdangs can dgon/
29.951841,91.198897,sna mkhar dgon/; 那喀尔寺
30.765377,81.36676,byi'u dgon/; 齐乌寺
28.66956,87.117541,shel dkar chos sde/; Shelkhar Chode; 协格尔曲德寺
28.9069343622276,87.9773112463563,o rgyan dgon/; 邬坚寺
29.158604,91.75753,ras chung phug; 热琼洞
29.895994,95.521517,巴卡寺; rba kha dgon/
29.226666,90.837343,bde chen chos 'khor/; 德庆曲果寺
29.99995,91.984524,yang ri sgar/; 羊日岗寺
29.878817,91.103307,dpal ldan rtse dgon pa/; 班旦孜寺
28.9744329110835,90.4730995314774,bsam sdings dgon pa/; Samding Monastery; 桑丁寺
29.45461,90.182532,chos sde dgon/; Chode; 曲德寺
31.68,78.9,热尼寺; rad ni gtsug lag khang /
31.483149,79.797377,托林寺; mtho lding dgon pa/
29.69781,91.13272,se ra dgon pa/; 色拉寺; Sera Monastery
29.935819,91.045095,lo tsA dgon/; 罗杂寺
29.315385,90.645949,chos 'khor yang rtse/; 琼果扬孜寺
29.669344,88.625688,Ganden Lhading; dga' ldan lha lding dgon/; 甘丹拉丁寺
31.11944,80.1225,gdong po dgon/; 东坡寺
28.427529,92.5776,zangs chen dgon/; Zangchen Gon; 桑青寺
29.969689,91.147359,dgon pa gsar pa/; 贡巴萨寺
30.0344776736308,92.8779846223445,日嘎寺
29.727735,90.575098,mtshur phu dgon/; 楚布寺; Tsurphu monastery
29.1953994009707,87.5280859787355,扎让贡康寺; Dragram Gonkhang; brag ram mgon khang /
29.294754,90.984817,rwa smad dgon/; Rame Monastery; 然麦寺
29.454289,95.694277,格当寺
28.858986,85.743659,dpal mo chos sdings/; 白玛曲林寺
29.269745,88.869005,扎什伦布寺; bkra shis lhun po dgon pa/; Tashilhunpo
30.782906,81.42398,bya skyibs dgon/; 嘉棋寺
29.698333,91.384444,仲敦古崩寺; 'brom ston sku 'bum dgon/
,,巴普寺; spar phu dgon/
30.3107684347634,91.513510271942,rwa sgreng dgon pa/; 热振寺
29.655833,91.134167,Gyume College; rgyud smad/; 下密院
30.001479,91.303359,扎甲寺; brag rgyab dgon/
29.888344,91.732218,ya yang dgon/; 雅唐寺
29.86909,95.731554,多东寺; rdo dung dgon pa/
29.03228,91.676256,ri bo bde chen/; 日乌德钦寺
28.893916,88.781029,ba dur/; 巴图尔寺
30.303512,81.171635,dgung 'phur dgon/; 贡普寺
31.006735,81.297454,rgyang grags dgon/; 江扎寺
28.4570701645893,91.446388294502,smra bo lcog; 莫吾觉寺
30.642069,93.275956,拉日寺; lha ri dgon/
30.74366,93.348685,措果寺
"30.64287

",93.236741,达孜寺
30.676834,92.338304,多宝寺
"30.47151

",92.566359,赤多寺
31.774842,98.290664,乃多寺
32.492568,97.806798,沙嘎寺
31.897072,98.124348,根沙寺
31.893594,98.370889,扎西寺; bkra shis dgon/
31.452548,98.095215,佐龙寺
31.477379,98.072935,宗扎寺
31.35188,98.135312,车所寺
31.92028,97.750072,达龙寺
31.838798,97.743759,觉乃寺
31.19939,98.591481,贡则寺
31.61269,97.987677,字嘎寺
31.719838,98.344343,都生寺
31.679689,98.349064,东都寺
31.495224,98.194408,江普寺
31.65536,98.37385,瓦然寺
,,sdings kha dgon/; 顶喀寺
30.155918,91.221116,达隆寺; stag lung dgon chen/
31.682222,79.795833,phyi dbang dgon/; 奇旺寺
28.650181,97.4547,日东寺
29.091931,92.20037,bla 'dren dgon/; 朗真寺
29.429746,90.174544,bai ro dgon/; 比如寺
29.930241,90.69134,lam pa dgon pa/; 兰巴寺
29.982277,90.986487,坚列寺; spyan legs dgon/
28.391157,92.396969,gnyal dre'u lhas dgon/; 查乌寺
29.381448,87.448248,bum pa dgon/; 朋巴寺
29.4889584230437,86.525983362214,Sisum; srid gsum dgon/; 赛松寺
31.592222,79.073056,chu gser dgon/; 曲色寺
29.13905,91.29422,sdings po che/; Dingpoche Chogdra; 顶波奇寺
29.22525829,92.01043737,'chad dkar chos sde/; 恰嘎曲德寺
32.207778,78.681667,bar kyog dgon/
30.048306,91.81662,孜修东寺; rtse zhol dgon/
29.163738,97.178771,塔巴寺
29.674722,91.356111,Dechen Sang-ngak Khar; 桑昂寺; gsang sngags mkhar/
29.660278,91.117778,rdzong rgyab klu khang /; 龙王潭
29.053076,92.983608,甘丹绕登寺; dga' ldan rab brtan dgon/
29.968937,91.942922,ma ra dgon/; 玛热寺
31.520556,79.000556,steng 'phags mthog ba don ldan/
28.667507,89.885705,byang ru mchod rten/; 强茹佛塔
29.211003,91.336456,ri bo rnam rgyal/; 日乌朗杰寺
30.561389,81.443056,khrus sgo dgon/; 楚果寺
29.532988,90.916461,热堆寺; ra stod dgon/; Rato Monastery
29.615278,91.137222,Drib Tsechokling Gonpa; 策觉林寺; grib tshe mchog gling dgon pa/
28.5367907497193,92.8848649213853,gsang sngags chos gling /; 三安曲林寺
29.25463,91.069817,gsung rab gling /; 嵩热林寺
29.776389,91.5525,擦赛寺; tsher gseb dgon/
28.680259,89.596985,brag dmar dgon/; 扎玛寺
28.8241302036447,89.6473257557329,gnas rnying dgon pa/; Nenying; 乃宁寺
32.113333,78.707778,gsum 'khyil dgon/
28.822468,89.646117,gtsang sbra dgon/; 藏札寺
29.240663,91.782195,dga' ldan chos 'khor gling /; 噶丹曲果林
30.529167,91.095556,rkyang rag dgon/; 江热寺
29.652778,91.132778,rme ru rnying pa/; 旧木如寺
29.652278,90.933537,觉摩隆寺; skyor mo lung /
29.160236,92.565547,dwags po bshad sgrub gling /; 达波谢珠林寺
29.15130088425,86.7950861179382,甘丹德林夏寺; dga' ldan bde gling shar/
28.423636,92.402691,丢热寺; rte'u ra dgon/
31.383396,96.164687,江江寺
31.371188,96.502695,类乌齐寺; ri bo che dgon pa/
31.759513,96.330848,甲寺土登达吉林; thub bstan dar rgyas gling /
31.121415,96.815555,乃旦寺
29.315402,90.722622,tshe chu sgrub sde/; 次久珠德寺
30.3047073855604,81.1620351530757,bshad 'phel gling /; 协培林寺
30.10692,92.204582,'bri gung mthil dgon pa/; 直贡梯寺
29.2419905068202,91.1292251726972,dga' tshal ma Ni lha khang /; 噶蔡玛尼寺
29.690593,91.827843,卡加寺; mkhar rgya dgon/; Kargye Gon
29.445857,88.236352,bzhad grwa tshang dgon/; Dratsang Monastery; 查藏寺
29.0899231795054,87.6274883258299,'dar grong mo che/; 达尔查木曲寺
31.831667,79.628056,shang rab brtan byams pa gling /; 香饶丹强巴林寺
29.118064,91.721067,sol nag thang po che/; 唐波齐寺
28.748687,90.474646,扎热寺; brag ra dgon/
29.366104,91.273435,sgrags sngags grwa/; 阿札寺
29.684625,89.079568,德庆热布杰寺; bde chen rab rgyas gling /
29.4251820706383,88.2964657585382,日嘉寺; ri rgyal dgon/
29.841956,91.453785,雪寺; zhogs dgon pa/
29.651025,89.061741,'ba' ra brag dgon/; 巴热扎嘎寺
30.2725695600201,93.0659896544869,巴嘎寺
28.508626,89.894694,dga' ldan chos gling /; 甘丹曲林寺
29.026097,89.4916,Nyangto Kyibu Gon; skyid sbug dgon/; 吉布寺
29.459515,94.391818,Lamaling monastery; bla ma gling dgon/; 喇嘛岭寺
31.725556,79.126111,怒布寺; snub dgon pa/
30.273391,94.809081,bsam gling dgon/; 桑林寺
29.317251,89.033221,gser mdog can/; 色多坚寺
30.248604,94.796888,khrom gzigs dgon/; 成色寺
30.06527,95.615563,phu lung dgon/; 普龙寺
"29.869170845731798,",91.2168359308569,加日寺; lcags ri dgon/
28.707264,87.797434,gangs dkar chos sde/; Gonga Chode
29.893114,91.773213,thang skya dgon/; 唐加寺
31.979389,85.022361,罗布德庆寺; lo bo bde chen dgon/
29.650556,91.134444,mtshams khung dgon/; 仓姑寺
30.052179,95.606727,chu mdo dgon/; 倾多寺
29.881105,91.211962,glang thang dgon/; 朗塘寺
29.340282,87.998759,觉囊寺; Jonang Gon; jo nang dgon pa/
31.0238022456541,85.1734039420066,sman sdong dgon/; 曼冬寺
29.185167,91.40595,smin grol gling /; Mindroling; 敏珠林寺
29.6767497571615,91.1406051094827,扎希寺; grwa bzhi dgon/
28.981249,91.525156,罗仁寺; lam rim dgon/
29.404388,87.633634,spang yul/; 邦玉寺
29.990262,91.891616,宗孜寺; rdzong rtse dgon/
29.996726,91.184972,甲扎寺; rgya grags dgon/
29.220199,88.18572,sngon mo chos rdzong /; 温母曲宗寺
29.4402957375171,89.2489852296962,孜东寺; rtse gdong dgon/
29.235859,91.341366,gra byams pa gling /; 强巴林寺
30.0627848340595,93.590789578347,珠拉寺
29.435371,88.19985,bzhad bkra shis dge 'phel/; 扎西吉培寺
29.27105,90.812198,gong dkar chos sde/; 贡嘎曲德寺
29.930291,91.251269,'bri lung dgon/; 直隆寺
28.903279,89.57351,江热寺; lcang ra dgon/
29.22744786,"91.77315302        Verified based on the book ""ལྷོ་ཁའི་གནས་ཡིག་""ལྔ་མཆོད་དགོན་གྱི་འོག་རྩེད་ཐང་གྲོང་རྙིང་དབུས་སུ་དགོན་དེ་མཇལ་རྒྱུ་ཡོད།",哲布林寺; 'bras bu gling /
28.35894,91.384195,gnas gzhi dgon/; 乃西寺
29.243063,91.331621,扎塘寺; gra thang dgon/
32.482778,82.466944,bkra shis chos gling dgon/; 扎西曲林寺; Tashi Choling
29.821632,90.732258,mtsho smad dgon pa/; 措麦寺
29.325577,86.898679,se bkra bzang dgon/; 扎桑寺
29.210615,88.4053,绰浦寺; khro phu sku 'bum/
29.2968492661106,87.2360784748487,ngam ring chos sde/; 昂仁曲德寺
29.382647365807,87.46385230108,甘丹曲林寺; nyug dga' ldan chos gling /
29.137249,87.745174,蒋佛塔; rgyang sku 'bum/
27.72513,89.1631,日琼波多寺; ri chung po to/
29.966809,90.785458,rwa skor dgon pa/; 热郭寺
29.84473,91.572393,lo mda' phag mo dgon/; 帕姆寺
31.791944,79.519722,shes shed dgon/; 喜西寺
29.041315,89.429247,theg mchog gling /; 天觉林寺
28.387522,90.863294,chos sde dgon/; 曲德寺
28.807797,90.43849,达隆寺; stag lung dgon/
29.399277,87.555026,宁布寺; nyin sbug
30.579561,81.470525,聂果寺; gnya' sgo dgon/
29.460005,91.181908,jo bo 'bum pa/; 觉吾本巴
32.0425,83.729444,麻米寺; ma mig dgon/
29.236059,89.839417,byams chen chos sde/; 强钦寺
29.194442,88.761673,snar thang dgon/; 纳唐寺; Nartang Monastery
28.1898925258301,87.7417080359136,Dianzha Erche
30.326863,91.527673,bsam gtan gling dgon/; 桑丹林寺
29.0485561377478,87.6402618500588,bsam grub dgon gsar/; 桑珠贡萨寺
27.99664,91.95517,dgon pa rtse/; 贡巴孜寺
29.372691,88.573074,日贵曲德寺; Rigyal Chode; ri gud chos sde/
28.400510005918,85.3386045352193,'phags pa dgon/; 帕巴寺
29.971509,91.075447,sne mo dgon/; 乃摩寺
29.538316,90.965935,聂塘扎西岗; snye thang bkra shis sgang /
29.1279705931782,88.9923250484493,zhwa lu dgon/; zhalu Monastery; 夏鲁寺
29.977491,96.09784,加达寺; rmu rgu lcags rta dgon pa/
30.79086,81.483425,glang sna dgon/; 朗纳寺
29.323551,91.846945,bkra shis do kha/; 哲西多嘎寺
29.992758,90.413406,yangs pa can dgon pa/; 羊八井寺
29.429307,90.886344,'jang dgon/; 江寺
29.935235,91.020637,rgyal lha khang /; 杰堆寺
31.488205,79.442007,mkhar rtse jo bo og dkar dgon/; 卡孜寺
30.009797,96.062292,sum 'dzoms dgon/; 松宗寺
31.565556,79.050833,za rang dgon/; 萨让扎西曲林寺
,,stod lung chu tshan dgon/; 堆龙温泉寺
29.4991,91.028483,nyi ma thang dgon pa/; 尼玛汤寺
29.869785,91.631758,ba dgon pa/; 拔贡巴
32.510556,79.675278,bkra shis sgang dgon/; 扎西岗寺
28.174829,90.828641,Pemaling; pad ma gling dgon/; 白玛林寺
28.9057611687309,88.0177729312729,sa skya dgon pa/; 萨迦寺; Sakya monastery
29.172724,88.587654,gangs can/; 岗钦寺
29.215087,88.408508,khro phu dgon/; Trupu Monastery; 超浦寺
30.007263,91.264516,sne'u zur dgon/; 乃苏寺
28.876201,92.789595,森木寺
29.368168503409,88.0023270999771,rta nag thub bstan rnam rgyal/; 达那土旦寺
31.126919,80.756833,芝达布日寺; pre ta pu ri dgon/
29.470393,94.375079,朱曲点寺
29.6544299793129,91.1285005645949,bstan rgyas gling /; 丹杰林寺
32.221944,79.343889,gser gti dgon/; 色底当曲林寺
31.526667,79.901667,dri sa dgon/; 齿萨寺
29.811755,91.761524,噶巴寺; dga' pa dgon/
28.87591685,91.9013588,g.ya' bzang dgon/; 亚桑寺
31.543928,92.732318,达那寺; rta rna dgon/; South Tana Monastery
30.633366,92.005024,嘎登寺
28.407108,89.524766,江浦寺; Kyangpu; rkyang bu dgon/
29.757239,91.667398,饶杰林寺; rab rgyas gling dgon/
29.50564,84.965354,shel ri dar rgyas gling /; 新日达杰林寺; shree gaden dhargay ling
29.424331,88.292552,色果查姆寺; dar sding gser sgo khra mo/; Darding Sergo Tramo
31.728056,79.2475,yib ri dgon/; 依日寺
31.670833,79.831389,rtsa mda' dung dkar dgon/; 东嘎寺
29.926875,89.481388,色吾寺; zab bu dgon/
28.88281,92.830689,dwags po rtse le dgon/; 孜列寺
29.870032,91.216771,那烂扎寺; Penpo Nalanda Monastery; 'phan po na len+dra/
29.0900402850554,87.6274889881195,司卡琼寺; Sekharchung; se mkhar chung /
29.117627,91.250076,dar rgyas chos gling /; 达杰曲林寺; Dargye Choling
29.008105,91.734754,次仁炯寺; tshe ring ljongs/
29.42964004,90.95419193,乌香拉康; 'ur zhang dgon/
29.119378,88.825411,ngor dgon pa/; 俄尔寺; Ngor Evam Choden
29.656667,91.13,tshe smon gling /; 策门林寺; Tsemon Ling
29.096094,89.337409,bse brag sgrub sde/; 色扎卓德寺
29.16499,87.522223,mngon dga' chos sde/; 安嘎曲德寺; Nonga Chode
29.19493,86.616012,日吾其寺; cung ri bo che/
29.928666,91.11576,桑丹定寺; bsam gtan steng /
29.956719,91.387994,康龙寺; kham lung dgon pa/
30.2541175217739,95.3749453676943,shul mo dgon pa/; 许木寺
29.522528,91.111923,gsang phu ne'u thog dgon pa/; Sangpu; 桑普寺
29.1413943174351,89.3812271796777,spos khang dgon/; 波康寺; Pokhang Moanstery
29.231755,88.719068,弥勒隐修院; byang chen ri khrod/
31.338611,79.4275,do shangs dgon/; 多香寺
28.329161,88.084101,bkra shis chos 'phel/; 扎西群培寺
30.154138,92.166518,gter sgrom dgon/; 德仲寺
30.142606,91.550586,jo gdan dgon/; 觉丹寺
29.90734,91.36911,chos sdings dgon/; 曲顶寺
31.458079,84.418951,布嘎寺; 'bo dkar dgon/
29.300436,91.971895,gdan sa mthil/; 丹萨提寺
28.929719,91.904662,chos sde gong /; 曲德贡寺
29.793424,90.773998,snyan dgon pa/; 粘寺
29.928751,91.070506,grub rgyal dgon/; 楚杰寺
29.470868,90.175109,bai ru dgon/; Bero; 比如贡
28.183673,91.283281,thig phyi dgon/; 帝齐寺
29.0335616331419,87.6649296346172,贡巴夏寺; dgon pa shar/
31.230556,79.922222,mda' ba dgon/; 达巴寺
29.986012,91.007121,se smug dgon/; 司木寺
28.416574,85.377373,Jadur; bya dur dgon/; 甲土寺
29.2016889249985,89.2661457138637,dpal ri dgon/; 白日寺
29.671557,91.055994,gnas chung dgon pa/; 乃穷寺
29.715218,90.957443,ra tshag dgon/; 热擦寺
29.774392,91.956953,spang sa dgon/; 邦萨贡巴
28.517567,86.484777,ding ri glang 'khor dgon/; 朗果寺
29.3628270812258,87.417678997368,桑珠甘丹寺; bsam grub dga' ldan/
29.736114,91.966681,rin chen gling dgon/; 仁青林寺
29.133356,91.73346,巴沃寺; dpa' bo dgon/
31.64,78.986389,lha yul dgon pa/; 拉域寺
29.14768069,91.77535325,yar klungs bkra shis chos sde/; 扎西曲德寺
29.79727,91.609094,btsun mo tshal dgon/; 尊木采寺
31.531389,79.227778,ri lte sgang dgon/; 日达岗寺
29.6523319712407,91.1354322701612,karma shag; 嘎玛夏寺
29.896499,91.257544,dga' ldan chos 'khor/; 甘丹曲廓林寺
28.4591409104225,89.6149471492163,？; g.ye dmar dgon/; red idol gorge
31.129795,80.640045,gur gyam dgon/; Gurgyam Monastery; 故如甲木寺
29.978277,91.182011,夏尔寺; shar dgon/
29.640833,91.220278,tshal gung thang dgon/; Tsal Gungtang Gon; 蔡贡唐寺
28.924835,89.595287,白居寺; dpal 'khor chos sde/; Gyangtse Monastery
29.97356,90.766649,chu bzang dgon/; 却桑寺
29.807778,91.554444,la mo dgon/; 拉穆寺
31.341928,79.781274,ma nam dgon/; 芒囊寺
31.724444,79.248611,鲁扎东寺; lugs brag gdong dgon/
30.196267,93.12197,拉鲁寺
28.833706,90.099648,热龙寺; ra lung dgon/; Ralung Monastery
30.651763,81.369296,'go btsugs dgon/; 果祖寺
29.552131,94.534046,大卓萨寺; stag bro dgon/
29.746174,90.69401,gnas nang dgon/; Nenang Gon; 乃朗寺
28.178887,90.827501,卓瓦龙寺; gro bo lung dgon/
31.107562,81.320986,哲日普寺; dri ra phug
29.824902,91.867342,rgyal steng dgon/; 杰定寺
31.4045951980084,88.9827370058497,卡龙寺
31.484141,94.391494,江达寺
"31.89375

",93.786358,加瓦仁阿寺
"31.87770

",93.787881,tsan+dan dgon/; 赞丹寺
31.4922557052387,94.6526903683259,rab brtan dgon/; 热登寺
"31.64442

",94.291836,尼玛林寺
30.012388,91.327084,po to dgon/; 波多寺
31.929722,79.544722,rab rgyas gling dgon/; 热布加林寺
29.2154608118488,89.1743131076193,嘎东寺; dga' sdong dgon/
30.207218,95.38537,玉仁寺; g.yu ri dgon/
29.446137,89.537521,梅日寺; sman ri dgon/
28.195083,86.828121,rdza rong phu dgon/; Rongpu Gon; 绒布寺
9.651673,84.175128,江扎东哲寺; pra dun brtse/
27.431624,88.915363,噶举寺; gro mo bka' brgyud dgon/
29.655833,91.107222,ge sar lha khang /; 巴玛热寺
31.610278,79.01,bye dkar dgon/; 齐嘎寺
28.858405,89.955457,dben rtsa/; 恩扎寺
28.516828,92.25336,卡定寺; mkhar steng dgon/
28.093868,91.121439,mkhar chu dgon/; 卡久寺
29.097196,92.167515,日果曲德寺; ri sko chos sde/; Rikho Chode
28.9975799404056,87.6503171289863,thub bstan dge 'phel gling /; 土丹根培林
29.136554,88.992645,坚贡寺; rgyan gong gtsug lag khang /
30.8475,81.561667,bon ri dgon/; 本日寺
31.531944,79.906389,毕东波寺; be sdong po dgon/
29.650833,91.133333,rab gsal btsan khang /; 绕赛赞康
29.942942,91.028075,na mo dgon/; 娜木寺
29.784369,91.413005,grab gser khang /; 色康寺
29.4314067295886,87.7562477320746,仁青岗寺; rin chen sgang /
29.540948,94.491967,srid rgyal dgon chen/; 色迦更青寺; Sigyal Monastery
29.228821,94.064828,bkra shis rab brtan dgon/; 扎西绕登寺
31.002171,81.362171,rdzu 'phrul phug dgon/; 祖楚普寺
29.4545166351144,90.1825215397479,桑日寺; bzang ri dgon/
28.992758,91.688548,dpal ri dgon/; 白日寺
29.648024,89.669462,lding ma/; 顶玛寺
29.229511,90.929023,dwags po grwa tshang /; 达布扎仓寺
28.4261420086287,92.3635686555265,bra 'or dgon/; 查乌寺
31.931111,79.359722,su mo ru bsam gtan chos gling /; 苏摩如桑丹曲林寺
29.623293,91.080702,奇密隆寺; phyir mig lung dgon/
30.087554,91.564239,'ben rdza dgon/; 本扎寺
31.84,79.3,嘎萨尔寺; dga' ser dgon/
29.623293,91.080702,桑杰寺; sangs rgyas dgon pa/
29.910681,91.602369,lo dgon pa/; 洛普寺
31.033364,81.266581,chos sku dgon/; 曲古寺
28.940377,89.557235,brtse chen chos sde/; 紫金寺
29.573526,94.468317,lha ri gyang tho dgon/; 拉日江多寺
29.291531,95.230178,马尔崩寺
29.1726678876169,86.7162871638014,聂志隆寺; gnya' khri lung /
29.476694,94.690442,洛帮寺
28.681402,89.856351,绰莫切寺; gro mo che/
,,吉彩寺; skyid tshal dgon pa/; Kyitsal
31.889167,81.2225,brag skya dgon/; 扎加寺
29.75856,91.47558,dga' ldan dgon/; 甘丹寺; Ganden Monastery
30.272392,93.066089,同果寺
29.499097,91.028524,毗萨尔寺; sbe ser dgon/
29.677062,89.137061,雄雄寺; zhong zhong dgon/
29.229852,91.775123,rtsed thang dgon/; 阿曲扎仓
31.851111,78.859722,普日寺; phu ri dgon pa/
28.878013,89.660258,gling bu dgon/; 岭普寺
29.274712,90.787124,gong dkar bshad sgrub gling /; 夏珠林寺
29.977759,98.050441,拉迪寺
32.8390647548638,100.822155252863,果芒寺; Gomang Gon; sgo mang dgon/
32.87099,100.786321,bu rtsa dgon pa/; 吾扎寺
32.7656645178549,100.386957044244,nya rgan dgon pa/; 念干寺
33.1319406664243,100.3898980295,恩达寺; we mda' dgon pa/
32.754757,100.853474,然亚寺; ra ya dgon/
32.971215,100.077272,mkhar nang dgon pa/; 卡昂寺
32.720036,100.869589,班前寺; paN chen dgon/
32.717676,100.86232,吉德寺; rgyud sde dgon/
32.768143,100.804999,bkra lo dgon pa/; 扎洛寺
32.792505,100.79725,dpal sde dgon pa/; 华德寺
32.893232,100.800341,阿什姜贾贡寺; a skyong yar thang dgon/
32.971215,100.077272,下卡昂寺; mkhar nang gong ma dgon/
32.6851453848536,100.950223027239,灯塔寺; dhi mda' dgon bde chen chos gling /
32.9197499543455,100.193344194821,吉隆寺; kyi lung dgon/
33.0596026002833,100.029136306047,特合土寺; stag thog dgon/; Taktok Gon
32.677478,101.126207,格什则寺; dge rtse dgon/
32.83910077,100.822163,mdo gong ma dgon/; 多贡玛寺
33.091891,100.47362,邦义寺; spang yus dgon pa/
32.919454,100.772739,江日堂寺; lcags ri dgon pa/
32.565434,100.599212,智钦寺; rdo grub chen dgon/
32.905578,100.623296,glang 'bud dgon/; 浪本寺
32.799384802326,100.279783303469,mdo 'gab ma dgon pa/; 多尕麻寺
32.8995083134993,100.776559223712,pan nag dgon pa/; 班那合寺
32.829285,95.569243,白智寺; be sprel dgon pa/
32.498234,95.285862,ru ba bar ma/; 日哇多玛寺
32.497966,95.286741,日哇巴玛寺; ru ba stod ma/
32.500412,95.288542,邦囊寺; bag nag dgon/
36.614224,101.767601,藏经寺; tshang cing zi/
36.64086,101.782749,金塔寺; cing tha zi/
36.642137,101.7818,Tsongkha Tsechen Monastery; 宗喀大慈宏觉寺; tsong kha brtse chen dgon/
36.6181667747012,101.782732608609,大佛寺; ta ho zi/
33.7212437562537,99.4272185256626,dwangs gzhung smug skar chos sgar/; 党项姆果寺
33.4012424114075,100.11462711596,布冬寺; bu don dgon pa/
33.683064,99.458017,年毛寺; snyan mo dgon/
33.7039693213769,99.4288479733142,多日瓦寺; rdo ru ba dgon/
33.897734,99.132868,特合土寺; stag thog dgon pa/
33.683315,99.756541,东群寺; dung chung dgon/
33.716027,99.233759,岗巴寺; sgang pa dgon pa/
32.870927,99.632929,红科寺; dpon skor dgon/
33.559205,100.160337,德昂寺; sder nang dgon pa/
33.7210125843574,99.4272062382077,'brong ba'i chos sgar/; 仲哇帐房寺
33.491862,98.970405,gsang ru ma dgon pa/; 桑日麻寺
33.730104,99.502038,查朗寺; khra gling dgon/
37.12207,101.557514,张家寺; tha yan chi dgon pa/
36.925591,101.657847,宝贝寺; dga' ldan rin chen gling /
36.860358,101.685345,gsar khri sgar pa/; 赛赤噶尔哇寺
37.091299,101.430318,祁家寺; chi kya dgon pa/
37.0457183902873,101.810258649063,btsan po dgon/; 赞布寺; Tsenpo Gon
36.7897616055557,101.704172180022,huining si; hos rnying dgon/
37.348182,96.748285,怀头他拉寺; ho tho tha la dgon pa/
37.3840207602236,97.363215325016,阿拉腾德令哈寺; dge ldan bstan pa 'phel rgyas gling /
37.377519,97.374524,赛木登寺; bsam gtan dgon pa/
37.196959,97.337673,郭里木寺; gor mo dgon pa/
36.19576,98.215501,阿什旦参康; a brtan mtshams khang /
36.051732,97.517335,pa lung dgon pa/; 巴隆寺
35.580365,98.551891,沟里寺; rgu ri dgon pa/
36.188837,98.24764,lung dmar dgon pa/; 龙迈寺
36.030751,98.198332,扎西曲岗寺; bkra shis chos sgang dgon/
36.048575,97.773188,香日德寺; paN chen zhing sde dgon pa/
34.118902,100.646087,bkra shis chos gling /; 扎西曲朗寺
33.841547,100.096372,mdo li rdo kha dgon/; 多利多卡寺
33.948402,99.803256,东吉多卡寺; sdong rgyud rdo kha dgon/
34.232956,100.489228,cha chu dgon pa/; 恰曲寺
33.854188,100.054647,隆什加寺; lung skya dgon pa/
33.792228,100.42214,夏日乎寺; shar 'od dgon/
33.7935,100.167123,隆恩寺; lung sngon dgon pa/; Lung-ngon Monastery
34.313623,100.183149,khra wag lung dgon pa/; 恰依隆寺
34.090935,100.293382,龙格寺; lung dge zi/
37.4218491608256,100.070929939845,刚察小寺; rkang tsha dgon chung /
37.542091,100.098052,岗察寺; rkang tsha dgon chen/; Kangtsa Gon Ganden Chopeling
37.262885,99.604899,秀脑日寺; phyug nor dgon/
37.2165812781924,99.6611077695217,日芒寺; ru mang dgon/; Rumang Gon Tashi Dargyeling
37.324517,100.576603,赛日德寺; gser rte'u dgon/
37.4632371017529,100.041919170552,加尼亥寺; rgya nyag dgon pa/
37.043214612095,99.7425037327041,沙陀寺; sa mtho dga' ldan dgon/
37.2825815192502,99.6902365118314,grwa sug dgon pa/; 扎苏合寺
37.4151319746192,99.8888913909489,角什科寺; nywa nag dgon/
37.4616448894746,99.9015840715559,科才寺; kho tshe dgon pa/
37.3087809375901,100.487231537111,dpon tshang zhol ma'i dgon pa/; 环仓秀麻寺
36.511453,100.710436,甲乙寺; rgya ye dgon/; Gyaye Gon Ngotsar Tardrenling
36.004156,100.224041,铁盖寺; the ge dgon/
36.185842,100.749267,后菊花寺; gyog kha'i sngags khang /
36.378515,100.468705,千卜录寺; 'khyams ru dgon/
36.443771,100.305618,切扎寺; chos tsha dgon/
36.404109,100.382012,东格尔寺; chab cha dung dkar dgon/
36.356599,100.614169,新寺; chab cha dgon gsar/
36.945968,99.612457,sprel nag dgon pa/; 石乃亥寺
36.3495355815202,100.598713878502,ska gsar bon dgon/; 尕赛寺
36.278713,100.609819,曲沟经堂; khyil khug sngags khang /
36.135835,99.718402,塔秀寺; thar shul dgon pa/; Tarshul Gon Shedrub Rabtenling
36.198966,100.906708,当家寺; ting kyA dgon/; Tingkya Monastery
36.400543,99.579647,角什科寺; jo skor dgon/
36.3557069862408,100.614504224744,dkyil gdong sngags khang /; 吉东寺
36.146359,101.055003,曲乃亥寺; chu nag dgon/
37.0163389907981,99.4279406240455,theb rgya nyin mtha' ma'i dgon pa/; 铁卜加寺
36.2260440109702,100.60500593664,沙秀寺; sa phyug dgon/
36.115907,101.28428,仍果俄康; rdzong 'go'i sngags khang /
35.889541,101.502943,加卜查寺; Gyabtsa Gon Tengyeling; rgyab tsha dgon/
35.956856,101.492772,拉扎寺; rwa bza' grwa tshang /
35.948565,101.475843,下兰角俄康; lan ju zhol ma'i sngags khang /
35.91155,101.382096,却毛寺; stong che khyung mo dgon/
35.9504971922344,101.517730701128,色尔加俄康; se kyA sngags khang /
35.953083,101.517877,色尔加寺; se kyA bon sngags khang /
35.857668,101.599748,卷木寺; sgrom grwa tshang /
35.857259,101.561724,铁瓦寺; this pa dgon/; Tipa Gon Ganden Tashi Sung-rab Ling
36.05518,101.400405,贷尔加俄康; hor kyA sngags khang /
36.2166140784427,101.158857111639,chos lung gser dgon pa/; 曲隆赛尔贡寺
36.021084,101.419997,毕家寺; Bikya Dratsang; bis kyA grwa tshang /
36.065414,101.517862,麻巴俄康; smad pa sngags khang /
36.126563,101.583262,阿什贡俄康; a skong sngags khang /
36.022349,101.363516,贵德文昌庙; khri ka'i yul lha lha khang /
35.9001220359389,101.571333037173,苟后扎寺; 'gag bza' grwa tshang /
35.924939,101.500145,上篮角俄康; lan 'gro gong ma'i sngags khang /
35.90607,101.384607,瓦家寺; ba kyA grwa tshang /
36.031791,101.460558,贡巴寺; gong ba grwa tshang /; Gongwa Dratsang
35.773937,101.376939,阿铁寺; a this dgon/
35.868052,101.637794,叶什姜寺; g.yer gshong dgon/
35.947965,101.379749,木干俄康; me rgan sngags khang /
35.92211,101.505647,荣一寺; Rongzhi Gon Adar Chopeling; rong zhis dgon/
35.911383,101.382883,当车寺; stong che dgon pa/; Tongche Monastery
36.086804,101.535046,长佛寺; lha dkar po'i lha khang /
35.975346,101.515435,gling tsha'i sngags khang /; 浪查俄康
36.084807,101.217549,昨那俄康; mdzo sna sngags khang /
36.245255,101.54707,白马寺; mchod rten skis dgon chen/
36.0561944444725,101.382442046252,贷尔加寺; hor kyA grwa tshang /
35.924357,101.389615,环仓寺; dpon tshang zi/
36.0439023743621,101.455005920495,珍珠寺; jo jo lha khang /
36.0456028663717,101.420892602251,乜纳寺; mi nyag grwa tshang /
35.970239,101.55828,浪查寺; glang tsha dgon/
36.049623,101.418578,mi nyag mgon khang /; 大佛寺
36.217868,101.553852,阿言麦俄康; dkar brjid sngags khang /
35.796011,101.45398,关庄寺; dgon rong bgon/
36.01903,101.525248,格哇俄康; ske ba sngags khang /
36.166252,101.643491,嵩巴俄康; sum bha'i sngags khang /
35.946489,101.538808,色尔加寺; se kyA dgon/
36.021634,101.51178,dga' ldan dar rgyal gling /; 尕旦寺
36.021571,101.4134,cog rong grwa tshang /; 石家寺
36.226217,101.224069,德欠寺; bde chen dgon/
35.9400449023857,101.384597613963,木干寺; mer rgan dgon/
36.080372,101.264811,尼那俄康; sne na'i sngags khang /
36.020842,101.458594,贡巴俄康; gong pa sngags khang /
35.854175,101.564098,尼尔寺; Nyedrubde Lhundrub Chodzong; rnye dgon/
36.1190596579919,101.198882195949,罗汉堂俄康; lha khang thang sngags khang /
36.22009,101.640859,sdong rgan thang sngags khang /; 东果堂俄康
36.223128,101.451723,g.yu rtsa'i sngags khang /; 亦什扎俄康
36.027097,101.604704,梅隆寺; me long dgon/
35.862665,101.611205,梅加俄康; dme kyA sngags khang /
35.902814,101.512336,周屯寺; Tretse Gon Tengye Sampeling; khre tse dgon/
36.1140713917931,101.386108087969,多勒仓寺; sgo me rdo re'i grwa tshang /
36.110841,101.38399,多勒仓俄康; rdo re'i sngags khang /
35.863304,100.976223,mkhar sdon sgar kha/; 归化寺
35.762242,100.443955,托勒寺; tho le dgon/
36.135995,100.920004,lung mtshe sngags khang /; 龙才寺
35.6570630291897,101.406403627059,万秀寺; ban shul dgon/
35.491102,100.656969,塔秀寺; thar shul dgon/
36.0472981613672,101.088048851929,查乃亥寺; tsha nag dgon/
35.5777044290947,100.443627928513,曲布藏寺; chu bzang mtshams khang /
35.9324018827988,100.922509511267,姜才寺; skyang rtse'i sgar kha/
35.607349,100.735303,鲁仓寺; klu tshang dgon/
35.8857938805965,100.815894809997,bu phur zhing kha'i lha khang /; 吾布香卡文昌庙
35.6654763205749,100.488782958591,thu rol sngags khang /; 土鲁俄康
35.932174,100.922462,查那寺; bya mdo tsha rnga dgon/
35.569828,101.130692,万秀尕卡; ban shul sgar gsar/
35.5572229380695,101.010449374556,ka brgya mtshams khang /; 卡甲寺
36.92313,100.744865,白佛寺; la mo sgar/
36.9247690136741,100.747775110758,压秀麻苯教寺; ya zhol ma zi/
37.01334,100.852743,马皮寺; mA phyug dgon/
34.593665,101.33327,曲格寺; chos sgar dgon/
34.743323,101.644163,拉卡寺; lA kha dgon/
34.208181,101.550412,香扎寺; shing bza' dgon/
34.4813073150204,102.136691617481,达参寺; mda' tshan dgon/
35.918573,102.510002,dan tig dgon/; 丹笛寺
36.142144,102.216184,zhang lis ho'u la zi/; 香力胡拉寺
36.101546,102.417282,下什塘苯教寺; shar thang zi/
35.8936618172035,102.311648646307,东麻昂寺; ka mdo gdong dmar sna dgon/
36.0783323511085,102.511060112862,下什塘寺; sha stengs bon dgon/
36.080846,102.540994,rdo gzhis bon dgon/; 多西寺
36.157349,102.336013,斗仓寺; du'u tshang zi/
36.098568,102.14295,ki chos zo/; 科却寺
36.009666,102.500273,cha kya dgon/; 恰加寺
36.133832,102.344823,乙什扎寺; g.yu tsha dgon pa/
36.223976,102.029463,rta gdong dkar po/; 东冲寺
36.12377,101.979251,拉公麻寺; la gong ma dong pa/
36.029484,102.267825,尕加寺; brag khang dgon pa/
36.114751,102.537439,赛支寺; Serdi Gonden Tashi Choling; ser dris dgon/
35.9602726628635,102.635938404116,bis ca la ka zi/; weijia laka si
36.15735,102.26332,多达寺; ba yan stod th'i dgon pa/
36.108765,102.447777,扎西庄寺; bkra shis sde ba dgon/
36.034457,101.960898,安达其哈卡昂寺; mkhar nang dgon pa/
36.225695,101.810374,tan khang dgon pa/; 电岗寺
36.059034,102.554926,土哇寺; mthu ba dgon/
35.894654,102.133011,卡岗寺; mkhar sgang dgon pa/
35.982967,102.626537,塔加寺; tha kya dgon/
35.8946345179814,102.13300706547,卡岗寺; mkhar sgang dgon pa/
35.930754,102.68935,支扎下寺; d+hi tsha dgon pa/
36.2349935291577,101.689937098102,d+hi tsha dgon pa/; 德扎寺
36.006731,102.114072,dkar po gdong dgon pa/; 尕若洞寺
36.201379,102.132925,gro tshang sngags khang /; 瞿昙天官寺
35.946381,102.676311,峨尔哇寺; nor ba dgon/
36.158417,102.199072,格许寺; dge phyug dgon pa/
35.90528,102.163645,若索寺; o basA dgon/
36.191734,101.984071,a kha la dgon pa/; 阿卡拉寺
36.104382,102.509177,桑加吾具苯教寺; sangs rgyal po bcu zi/
36.2173138457246,101.824837860636,gyod rgya dgon pa/; 角加寺
36.1338887350941,102.344825975787,香塔寺; zhang tha zi/
36.108055,102.557648,a u cul zi/; awuju si
36.105662,102.528162,尖科寺; can 'khor zo/
36.257538,101.876007,才毛吉寺; mtshar mo che'i ri khrod/
36.004963,102.00963,结什当寺; gyer thang ri khrod/
36.207811,102.114258,德加寺; tig rgya'i dgon pa/
35.905138,102.163519,o basA dgon bkra shis chos gling /; 若索寺
36.11624,102.457858,阿代寺; a thar zi/
36.139831,102.07215,尕吾寺; dkar bo bgon/
36.111909,102.48512,安关寺; a mgon dga' ri khrod/
35.910076,102.517121,科巴俄康; khor pa sngags khang /
36.0425554795968,102.502844901445,安关群哇寺; a mgon chung ba zi/
35.999628,102.41455500000001,恰藏寺; skyid zil dgon pa/
36.103194,102.440513,hrang stang tshang zi/; 上石达仓寺
35.889516,102.107043,brag khang dgon pa/; 知岗寺
35.8844666152423,102.685338325936,公什甲寺; gong skya yang dgon/
35.954932,102.660142,白家寺; bis kya'i dgon/
36.0133181694319,102.606357871685,尕洞寺; ka thung dgon pa/
36.120929,102.433623,'khyag chu dgon pa/; 查主寺
36.070108,102.101181,科才卡昂寺; kho tshe mkhar nang dgon pa/
36.053112,102.504899,支哈加俄康; brag dkar rgya sngags khang /
36.109748,102.371586,加干若寺; rwa za'i stag dgon pa/
36.084086,102.343849,加吉寺; kya kya'i dgon pa/
36.017686,102.547059,dan med zi/; 旦么寺
36.063453,102.528288,dor zhi zi/; 多西庄苯教寺
36.0330518676229,101.988082972017,sgom zhis dgon pa/; 贡依寺
36.270224,101.773339,gser thang dgon pa/; 色康寺
36.013346,102.411173,下恰藏寺; zha cha tshang /
36.1474878544908,101.876953108505,夏琼寺; bya khyung dgon pa/; Jakhyung Tekchen Yontan Dargyeling
36.110937,102.387756,tan krong zi/; 旦庄寺
36.1068096731092,101.941103739207,bar gyang zi/; 哇尔江寺
36.120878,102.396081,ta ca yan zi/; 大加沿寺
36.532046,101.126649,东科尔寺; stong 'khor dgon pa/; Tongkor Gonpa
36.5319110141159,101.126412663158,金佛寺; dga' ldan bstan rgyas gling /
36.746368,101.14003,扎藏寺; stong skor grwa tshang dgon/
36.356074,101.810126,却康寺; mchod khang zi/
36.377527,101.841523,沙尔湾寺; hrar ban zi/
36.412208,101.69916,贾尔藏寺; rgya rdzong ri phrod/
36.653791,101.376516,尕住寺; pha bzhi ri khrod/
36.752622,101.434537,la sar dgon chung /; 拉沙尕寺
36.4612705045196,101.565684376461,海马沟寺; he ma lung ba'i dgon pa/
36.821778,101.424329,峡口寺; gser tog dgon/
36.624268,101.372861,zur gyi mchod khang /; 苏尔吉佛堂
36.469053,101.579438,红崖沟寺; brag dmar lung ba'i dgon pa/
36.4881035787745,101.56560059673,塔尔寺; sku 'bum dgon/; Kumbum Jampaling
36.6114082392126,101.393634089899,新庄拉康; zhin grong lha khang /
36.764662,101.495983,鲁尔加寺; klu rgyal lha khang /
36.401909,101.719437,岩岗寺; g.yan rgan ri khrod/
36.663128,101.437572,brag dmar che shos ri khrod/; 扎玛东寺
36.4495790813623,101.543490388495,上台静房; chu dkar ri khrod/
36.7228798839724,101.501284140033,西纳寺; zi na bsam grub gling /
36.7548117124205,101.418331222734,杨巴寺; rwa khu'i g.yang 'ba'
36.4988584723089,101.559614296349,a mes gzhi bdag lha khang /; 刘琦拉康
36.2643312767889,101.684448743734,三塔拉寺; che shos ri khrod/
36.711431,102.224659,尕扎寺; ka Ta lha khang /
36.824168,101.92919,广福寺; kong h+phu zi/
36.659578,102.11947,妈圈拉康; ma chon lha khang /
37.032019,102.344178,甘禅寺; kan chen dgon/; Kanchen Gon Tekchen Tarpaling
36.781257,102.141394,夏日哇拉康; shar ba lha khang /
37.044839,102.306467,甘冲寺; kan chung dgon/
36.763942,102.132857,lan ja ge er lha khang /; 浪家寺
36.929788,102.079959,shing lung dgon/; 松藩寺
37.0033930224959,101.904159600849,却藏寺; a mdo chu bzang dgon/; Chubzang Gon
36.759058,102.179892,佑宁寺; dgon lung dgon pa/
36.515603,102.098227,白马寺; dmar gtsang brag dgon pa/
36.648184,102.102307,张家寺; lcang kya dgon/
35.9491562317769,101.863464276956,昂让寺; ngang rong dgon/
35.868398,101.956316,德千寺; la mo bde chen dgon/; Lamo Dechen Gon
35.979387,101.884496,桑主寺; Sangdrok; gsang sgrog bde chen dgon/
35.9752820018606,102.02460224945,古鲁寺; rma mgur dgon/
35.849613,101.761439,噶卡寺; sgar kha dgon/
36.028963,101.851721,宗囊寺; rdzong nang dgon/
35.9683403460396,101.859810409088,古哇寺; ko'u ba dgon gsar/; Kouwa
35.756731038181,102.049996783506,古浪寺; dgu rong mthil dgon pa/
35.8930803179495,102.053829885605,阿哇寺; rnga ba sgar/
36.096272,101.848791,尕布寺; rka phug dgon/
36.0277437672741,101.975054602373,se rtsa dgon pa/; 南宗扎寺
36.1240838520753,101.751238451814,南宗尼姑寺; gnam rdzong jo mo'i dgon/
36.1242785612466,101.751224627164,阿琼南宗寺; gnam rdzong dgon/
36.053461720344,101.813779487671,拉日寺; lha ri bsam gtan gling /
35.89849,102.057232,昂拉赛康寺; snang ra gser khang /
35.9496270092014,102.00082647993,lo rdo rje brag; 洛多杰扎寺
33.231964,100.654269,东宗寺; sdong rdzong dgon pa/
33.800574,101.04979,涣隆寺; dpon lung dgon pa/
33.368348,100.504449,龙合热寺; g.yag ra nag sgar/
33.6746936790669,100.613000191324,哇赛寺; sbra gsar dgon/
33.775801,100.746958,阿绕寺; a bzod dgon/
33.3777012240086,101.496870400477,尖姆寺; lcam sgon pa/
33.374586,101.495477,nyin yus dgon pa/; 宁友寺
33.4067390926759,101.526491035509,斗合隆寺; stag lung dgon/
33.2671196422918,100.651110817834,白玉寺; dar thang dgon/
33.24123,100.832307,龙格寺; lung dkar dgon/
36.407525,102.661179,广福寺; kong h+phu zi/
36.698005,102.402494,鹿角哇寺; tshang kya'i sku 'bum dgon/
36.594461,102.202241,山城沟寺; hran khrin dgu zi/
36.45703,102.45134,nan hran zi/; 南山寺
36.363026,102.692622,庄子沟寺; krung this gu'u zi/
36.628787,102.446774,ta lan hran mtshams khang /; 达连山静房
36.602867,102.612538,章嘉寺; lcang kya dgon gsar/
36.462843,102.465563,白化寺; pe hA zi/
36.549116,102.408219,王佛寺; wang ho zi/
36.269935,102.45477,山城坪寺; hran khrin phin zi/
36.562378,102.404769,羊官寺; stong shags dgon/
36.558033,102.612453,红卡寺; srog mkhar sgrub sde/
36.521619,102.656676,甘沟寺; kan dgu zi/
36.604836,102.63838,thu'u bkwan ku'u mtshams khang /; 土官沟静房
36.354137,102.296852,瞿昙寺; gro tshang lha khang /
36.619281,102.355829,龙沟寺; 'brug lung dgon/
36.294146,102.244078,药草台寺; gro tshang dgon/
34.2728674705247,99.1933103300033,仓马河帐房寺; phrang dmar chos sgar/
35.169616,99.018049,拉泽恰贡帐房寺; lha rtse chab gong chos sgar/
34.261372,98.752139,霍科寺; hor skor dgon/
34.832109,97.451627,措哇尕什则多卡寺; mtsho bar dkar rtse dgon/
35.1082400264884,98.8613805290701,mtsho rig chos sgar/; 措柔帐房寺
34.689562,100.65457,拉加寺; rwa rgya dgon/
34.272688,99.193347,多合旦寺; 'gu ya dgon/
35.125172,98.849597,夸科寺; mkha' skor dgon pa/
34.9932971900552,99.3031143435592,格日寺; gu ri dgon pa/
37.2882237225131,101.961953100801,班固寺; ban rgud dgon/
37.145882,102.370695,朱固寺; 'bru gu dgon/
37.281439,102.358877,极乐寺; Taben; tA ban dgon/
37.285476883621,101.998321572072,仙米寺; sems nyid dgon/
35.950704,102.763791,khwa ta'i kha'i dgon pa/; 卡地喀寺
36.038887,102.940515,宏化寺; mdzo mo mkhar/
35.93312,102.81633,白家寺; phe kya zi/
36.3277270621489,102.710907556369,su'u hru'u zi/; songshu si
36.219458,102.571248,龙合寺; thang ring dgon pa/
35.992699,102.83974,mang la zi/; 芒拉寺
36.200945,102.936511,铁家寺; this kya zi/
36.350602,102.825682,享堂寺; hrin thang zi/
35.981278,102.801968,bla kya zi/; 喇家寺
36.35059,102.825674,龙山寺; lung hran zi/
36.3018567650794,102.748878065435,史纳寺; zin na zi/
36.174076,102.642013,弘善寺; bA jo'i dgon/
33.171541,94.270752,嘎洒寺; sga gsar dgon pa/
33.819192,97.018913,阿涅寺; a nye dgon pa/
33.199878,97.028524,唐隆寺; sga thar lam dgon/
33.271628,97.041884,thub bstan dgon pa/; 土登寺
33.375117,97.061917,尕藏寺; skal bzang dpal 'byor dgon/
33.37128,97.1133,东程寺; gdor spras dgon/
33.847503,95.483622,岗察寺
34.562844,95.528695,噶陀寺; chu dmar leb kaH thog dgon/
34.57133,95.33825,lung dmar tshogs ra/; 龙麻宗教活动点
33.26592,97.13786,拉布寺; lab dgon/; Lab Ganden Do-ngak Shadrub Palgyeling
33.409745,97.278098,休马寺; shul ma dgon/
33.060478,95.169679,扎西拉武寺; bkra shis lha phug dgon/
33.744845,96.254443,夏日寺; sha ru dgon/
33.790137,96.160525,觉东寺; sgyogs dung dgon/
33.815182735,96.4052778,巴干寺; 'ba' dgon/
36.3425522753703,102.04855,dgon pa zi/; 官巴寺
37.696021,100.74905,百户寺; pe hu'u dgon/
38.065025,100.45105,阿柔大寺; a rig dgon/
38.0331522020478,100.60998,百京寺; be jang dgon pa/
38.243084,100.02055,郭密寺; sgo me dgon pa/
37.6834016322675,100.640835749576,dga' sde dgon pa/; 嘎日德寺
38.0302177835474,100.728033066409,德忙寺; sde mang dgon/
33.375575,97.06994,康觉寺; khams mgyogs dgon/
33.12322,97.33087,尼宗寺; nyi rdzong dgon/
33.132922,97.345563,巴干寺; 'ba' dgon/
33.132249,97.349394,格乌寺; 'ge'u dgon/
33.413858,97.292942,竹节寺; sgrub brgyud dgon/
37.1047349232086,103.397448214895,dga' ldan chos gling lha khang /; 格丹奇林拉康
37.696912,98.644045,夏日哈石经院; zha ri ha hri dper khang /
37.5273797650531,99.1352997942392,扎查寺; bkra tsha sngags dgon/
37.5953462277533,99.3685454405689,kru'u khyung zi/; 舟群寺
37.3754038935113,99.359377303641,江河俄康; cang hwo sngags khang /
37.470286,99.402258,郭那帐房寺; go na dgon pa/
38.1444105081181,99.1822459642943,木里寺; mi ri dgon pa/
38.7091586995759,98.02000780643,zur ri lha khang /; 苏里拉康
37.6863668939143,98.6330864882438,苏乎扎寺; theb rgya srab mtha' ma'i dgon pa/
37.0660411674145,98.4601330957833,them phong sngags khang /; 天棚俄康
37.20656833,99.17142164,hra nyi lha khang /; 沙涅拉康
37.3553257742303,98.9984703204444,快尔玛帐房寺; mkhar dmar dgon pa/
35.326643,100.29074,班多参康; ba' mdom mtshams khang /
35.206175,100.402666,土夫多参康; kho nag mtshams khang /
35.249754,100.58941,唐义参康; thar yas mtshams khang /
35.126109,100.596344,bde chen dgon/; 德庆寺
35.127115,100.324204,尕毛吾寺; Karmo Sangchen Drubpuk Tashi Chokorling; dkar mo mtshams khang /
35.163357,100.676836,夏日仓寺; shar tshang dgon/
35.365221,100.476687,夸力亥寺; mkhon lhas mtshams khang /
35.257072,100.567964,tos rgan nag sgar/; 迪干寺
35.365265,100.476667,欧后扎参康; sha brang dgon pa/
35.120469,100.427988,赛力亥寺; gser lag dgon/; Serlak Gon
34.733092,100.907193,石藏寺; gtsang sgar/
35.2507171770104,100.590284217428,松多参康; sum mdo dgon/
35.461563,102.086849,bde chen ri khrod/; 满丛德庆寺
35.497395,101.936111,郭拉卡寺; sgo la kha dgon pa/
35.554014,101.932644,夏卜浪寺; sha sbrang dgon/
35.430712,101.91302,木合沙下寺; dmu gsal sgar 'og ma/
35.4268112318329,101.919120398284,木合沙噶尔寺; dmu gsal sgar gong ma/
35.4309479846395,101.912996935506,dmu gsal sgar/; 木合沙噶尔寺
35.607277,102.045501,尕沙日寺; rka sar dgon/
35.534725,102.023002,年都乎寺; gnyan thog sgar/
35.4727,102.185439,察加寺; tshwa rgyal dgon/
35.567549,102.040645,郭麻日寺; sgo dmar sgar/
35.348723,101.896428,宗俄寺; rdzong sngon dgon/
35.351705,101.88472,宗葛寺; rdzong dkar bka' gdams pho brang /
35.645275,102.07541,桑尕塘寺; spang dkar thang dgon/
35.348028,101.906086,德钦寺; bde chen byams pa gling /
35.613792,102.06563,卧科寺; tho kya'i sgar/
35.3912088170129,101.953940724397,曲库乎瓜什则寺; chu khol mgar rtse dgon pa/
35.393039,101.964575,达江寺; dar zhing bde 'dzoms dgon/
35.576569,102.15756,格当寺; sge'u steng dgon/
35.601151727242,102.236213278569,娄热寺; lug rwa dgon/
35.43357,101.984155,sgrub gnas bkra shis chos rdzong /; 奴合仪寺
35.494109,102.280144,瓜什则寺; mgar rtse gya sar bshad grwa/
35.451092,101.998404,江龙尕萨尔寺; lcang lung sgar sar/
35.613664,102.116606,沙尕夏寺; sa dkar shar dben gnas/
35.455187,101.996645,lcang lung khyung dgon pa/; 江龙琼贡寺
37.5421592479193,100.098062054325,rkang tsha'i dgon pa/; 岗查寺
35.698457,102.108883,乙格寺; yid dga' chos 'dzin gling /
36.511853,100.709587,当格乙麻寺; dang po'i gzhi ma dgon/
35.600927,102.236189,西关寺; shel dgon/
35.4090865497966,101.960818000742,多哇完加寺; mdo ba bon rgya dgon pa/
35.561463,102.055298,五屯下庄寺; seng+ge gshong ma mgo dgon pa/
35.497465,101.929608,nya lung dgon pa/; 牙浪寺
35.46548,101.932477,古德寺; ko'u sde dgon/
35.1907521100345,102.246373371903,然尕寺; mdo ba dgon/
35.508687032601,102.007493646168,隆务贡寺; rong bo dgon/
35.5977695696467,101.993719391062,扎西其寺; g.ya' ma bkra shis 'khyil/
37.011815,98.623978,都兰寺; gter lam dgon pa/
36.876725,99.073819,茶卡寺; tshwa kha'i dgon/
37.289236,98.389942,北柯柯寺; pe kho kho'i dgon/
37.066056,98.460244,阿汗达勒寺; bong stag dgon pa/
35.898447,99.860991,玉隆寺; g.yu lung brag dkar dgon/
35.245871,99.773857,rgyas bza' lde'u tsa'i dgon gsar/; 吉扎寺
35.667831,100.006996,沙那寺; sa sna dgon/
36.193673,99.848147,chos lung sngags khang /; 切龙寺
35.103743,99.693532,道贺丹寺; rtogs ldan dgon/
35.50288,99.798513,赛宗寺; brag dkar sprel rdzong dgon/
36.034473,99.947984,五一活动点; rtse dung sngags khang /
35.039605,100.160402,嘉扎寺; rgya bza' dgon/
34.987862,100.064101,俄合萨寺; sngags sa mtshams thog gong ma/
35.429831,99.986412,塔洞寺; thar stong brag dkar dgon/
35.050752,100.083434,桑当寺; seng ldang dgon/
35.213217,99.482784,dus 'khor grwa tshang /; dingke'er si
35.164052,100.187282,青岗寺; chos sgang dgon/
35.214534,99.932801,赤塘寺; rgyal po khri steng dgon/
35.279037,99.36125,温泉寺; bun chon sgar kha/
35.796649,99.567257,banma duo'ou si; padma rdo'u zi/
35.846041,102.182473,le rgan dgon pa/; 列干寺
35.7029629311594,102.583243068067,旦麻尼姑寺; 'dab ma'i jo mo dgon pa/
35.654095,102.647452,bu'u smad do'u zi/; 吾曼道寺
35.7423950316942,102.259381188137,多洛塘尼姑寺; do lo thang jo mo dgon pa/
35.712049,102.637764,铁尕楞寺; gter kha lung sgar/
35.619495321715,102.696665767517,bis thang la kha'i sgar/; 比塘寺
35.767488,102.280382,尕楞寺; Garing Gon; ka ring dgon/
35.601122,102.702529,比仑寺; spel lung sgrub sde/
35.7261856482513,102.641110248539,牙木寺; nya mo sgar/
35.6955802423393,102.655637689916,ngo ma'i sgar/; 吾曼寺
35.6421472590924,102.243353633057,岗察寺; ya rdzi'i rkang tsha dgon pa/
35.703003,102.583237,夕昌修行院; bse chang sgom grwa/
35.74775,102.325837710808,khri ka dgon pa/; 赤卡寺
35.8142513592052,102.186174054118,dam po che'i sngags khang /; 旦波切俄康
35.601127,102.702584,张沙寺; lcang shar sgar/
35.67385,102.501054,bse chang sgar/; 夕昌寺
35.647641,102.607293,多什则寺; mdo rtse sgar/
35.852900901155,102.489207922001,se ru lha khang /; 赛如拉康
35.664965,102.602627,gdong sna'i sgar so ma/; 东那寺
35.814109,102.223655,王仓麻本教活动点; bon tshang ma'i bon sgar/
35.814141,102.186176,le bo bsam 'grub bde ldan/; 曲卜藏寺
35.628593,102.649673,rtsi rgyang sgom grwa/; 东湾寺
35.75115,102.345552,文都寺; bis mdo dgon chen/
35.811216,102.21196,rwa stod sngags khang /; 拉多俄康
35.77962,102.252104,hu'u lung po'u zi/; 贺龙堡寺
35.787387,102.220932,中库寺; dkyil 'khor dgon/
35.784389,102.168316,nyin pa sgar/; 宁巴寺
35.6547434191597,102.648888306234,古雷寺; sgo ris grwa tshang /
35.674261,102.554957,dmag dpon sgom grwa/; 木洪寺
35.8107214226643,102.202231257727,仁务寺; g.yer gshong dgon pa/
32.9077,95.2662,斯日寺; gzi dgon pa/
32.973927,95.567042,巴艾寺; dpal be'u dgon/
32.88419,95.579774,觉则改寺; cog tse dge dgon/
32.875995,95.560801,赛扎寺; ser rtsa dgon/
33.067065,95.168223,桑钦改寺; gsang chen dge dgon/
33.250267,97.007267,迭达阿乜寺; don mda'i a mye dgon/
33.267267,97.139181,阿乜寺; dpal chung a mye dgon/
33.769808,96.963343,角吾寺; skye bo dgon/
32.788387,95.615679,多吉寺; stobs bcu dgon/
32.91665,95.31723,佐青寺; rdza stod rdzogs chen dgon/
34.8488071200945,94.9410998739544,ra tshang shog dgon pa/; 热仓肖寺
33.371048,97.080931,布让萨迦寺; spu rong sa skya dgon/
33.122203,97.374288,赛甫寺; seb phu dgon/
33.00108,97.29864,seb mda' dgon pa/; 赛达寺
35.0197015699783,101.540931051187,恰科日瓜什则寺; cha skor mgar rtse dgon/
35.1313874670013,101.947905341227,多杰宗寺; rdo rje rdzong dgon/
35.013284,101.441655,索乃亥寺; so nag dgon/
35.0135572425128,101.446644475855,so nag gter gsar/; 索乃亥德斯尔寺
35.016968,101.547015,瓜什侧参巴寺; mgar rtse mtshams pa dgon/
35.054673,100.848215,阿米嘎帐房寺; a mes gur/
35.0364473615915,101.396383752315,bon brgya'i mtshams thog; 王加参托乎寺
35.0606712563491,101.794078631772,青科羊角毛寺; dmar ril jo mo mtshams khang /
35.347502,101.691668,尕让寺; ka rong dgon/
35.0193530228009,100.701649941047,吾什苟寺; bu dgu dgon/
35.03105,101.697384,西卜沙寺; dpyi sa sgrub sde/
35.031056,101.704121,西卜沙俄合莽寺; dpyi sa'i sngags mang /
35.174344,100.882776,lo rgas zi/; 卢日格寺
35.2077841800133,101.782695104527,dme shul sngags khang /; 麦秀俄莽寺
35.0610160295501,101.797501820089,多嘎俄合莽寺; rdo dkar sngags mang /
35.273672,101.932706,宗玛寺; rdzong dmar dgon/
35.228814,101.002423,和日寺; hor dgon/
36.759566,102.180903,Gonlung Jampa Ling
